{
    "mode": "balanced",
    "classical": {
        "distance": 10878.278749867179,
        "time": 10878.278749867179,
        "risk": 223.8352936850476,
        "cost": 30709.32049194652
    },
    "optimized": {
        "distance": 1518.4592378224113,
        "time": 1518.4592378224113,
        "risk": 39.52572541004281,
        "cost": 1699.5371615403378
    },
    "prediction": {
        "time": 1518.4592378224113,
        "risk": 116.0,
        "cost": 1634.4592378224113,
        "speed": 1.0
    },
    "risk_weight": 0.1
}