{
    "mode": "balanced",
    "classical": {
        "distance": 10878.278749867179,
        "time": 10878.278749867179,
        "risk": 223.8352936850476,
        "cost": 30709.32049194652
    },
    "optimized": {
        "distance": 1558.1056910782613,
        "time": 1558.1056910782613,
        "risk": 42.96249382103822,
        "cost": 1749.987905172924
    },
    "prediction": {
        "time": 1558.1056910782613,
        "risk": 116.0,
        "cost": 1674.1056910782613,
        "speed": 1.0
    },
    "risk_weight": 0.1
}