{
    "mode": "balanced",
    "classical": {
        "distance": 10878.278749867179,
        "time": 130.53934499840614,
        "risk": 223.8352936850476,
        "cost": 30953.658399393767
    },
    "optimized": {
        "distance": 1465.3841035774653,
        "time": 17.584609242929584,
        "risk": 35.32941415377074,
        "cost": 1675.7785228824625
    },
    "prediction": {
        "time": 879.2304621464792,
        "risk": 114.0,
        "cost": 1579.3841035774653,
        "speed": 1.0
    },
    "risk_weight": 0.9
}