{
    "mode": "balanced",
    "classical": {
        "distance": 10878.278749867179,
        "time": 10878.278749867179,
        "risk": 223.8352936850476,
        "cost": 30866.005197526058
    },
    "optimized": {
        "distance": 1465.384103577466,
        "time": 1465.384103577466,
        "risk": 32.713582589927526,
        "cost": 1657.1371674743816
    },
    "prediction": {
        "time": 1465.384103577466,
        "risk": 114.0,
        "cost": 1579.384103577466,
        "speed": 1.0
    },
    "risk_weight": 0.8
}