{
    "mode": "balanced",
    "classical": {
        "distance": 10878.278749867179,
        "time": 10878.278749867179,
        "risk": 223.8352936850476,
        "cost": 30843.621668157553
    },
    "optimized": {
        "distance": 1509.430276938876,
        "time": 1509.430276938876,
        "risk": 42.577737165699915,
        "cost": 1711.47502568954
    },
    "prediction": {
        "time": 1509.430276938876,
        "risk": 126.0,
        "cost": 1635.430276938876,
        "speed": 1.0
    },
    "risk_weight": 0.7000000000000001
}