{
    "mode": "balanced",
    "classical": {
        "distance": 10878.278749867179,
        "time": 10878.278749867179,
        "risk": 223.8352936850476,
        "cost": 30709.32049194652
    },
    "optimized": {
        "distance": 2096.2287252098117,
        "time": 2096.2287252098117,
        "risk": 49.17184483735366,
        "cost": 2338.7171683314873
    },
    "prediction": {
        "time": 2096.2287252098117,
        "risk": 134.0,
        "cost": 2230.2287252098117,
        "speed": 1.0
    },
    "risk_weight": 0.1
}