{
    "mode": "balanced",
    "classical": {
        "distance": 10878.278749867179,
        "time": 10878.278749867179,
        "risk": 223.8352936850476,
        "cost": 30709.32049194652
    },
    "optimized": {
        "distance": 1465.3841035774656,
        "time": 1465.3841035774656,
        "risk": 35.32941415377075,
        "cost": 1638.7226869379815
    },
    "prediction": {
        "time": 1465.3841035774656,
        "risk": 114.0,
        "cost": 1579.3841035774656,
        "speed": 1.0
    },
    "risk_weight": 0.1
}