{
    "mode": "balanced",
    "classical": {
        "distance": 10878.278749867179,
        "time": 10878.278749867179,
        "risk": 223.8352936850476,
        "cost": 30798.85460942054
    },
    "optimized": {
        "distance": 1465.3841035774658,
        "time": 1465.3841035774658,
        "risk": 35.36373288294287,
        "cost": 1650.5377935817107
    },
    "prediction": {
        "time": 1465.3841035774658,
        "risk": 116.0,
        "cost": 1581.3841035774658,
        "speed": 1.0
    },
    "risk_weight": 0.49999999999999845
}