{
    "mode": "balanced",
    "classical": {
        "distance": 10878.278749867179,
        "time": 10878.278749867179,
        "risk": 223.8352936850476,
        "cost": 30709.32049194652
    },
    "optimized": {
        "distance": 1514.0555914219208,
        "time": 1514.0555914219208,
        "risk": 39.93429250248384,
        "cost": 1697.6152301057118
    },
    "prediction": {
        "time": 1514.0555914219208,
        "risk": 114.0,
        "cost": 1628.0555914219208,
        "speed": 1.0
    },
    "risk_weight": 0.1
}