{
    "mode": "balanced",
    "classical": {
        "distance": 10878.278749867179,
        "time": 10878.278749867179,
        "risk": 223.8352936850476,
        "cost": 30888.388726894562
    },
    "optimized": {
        "distance": 1642.172555732401,
        "time": 1642.172555732401,
        "risk": 44.92044418808003,
        "cost": 1875.9340960026475
    },
    "prediction": {
        "time": 1642.172555732401,
        "risk": 124.0,
        "cost": 1766.172555732401,
        "speed": 1.0
    },
    "risk_weight": 0.9
}