{
    "mode": "balanced",
    "classical": {
        "distance": 10878.278749867179,
        "time": 10878.278749867179,
        "risk": 223.8352936850476,
        "cost": 30821.23813878905
    },
    "optimized": {
        "distance": 1551.3579049762843,
        "time": 1551.3579049762843,
        "risk": 39.4567069184078,
        "cost": 1756.916972300968
    },
    "prediction": {
        "time": 1551.3579049762843,
        "risk": 114.0,
        "cost": 1665.3579049762843,
        "speed": 1.0
    },
    "risk_weight": 0.5999999999999984
}