{
    "mode": "balanced",
    "classical": {
        "distance": 17156.74807055904,
        "time": 17156.74807055904,
        "risk": 386.5397237341403,
        "cost": 43377.59171389231
    },
    "optimized": {
        "distance": 17415.802090541507,
        "time": 17415.802090541507,
        "risk": 1321.3226155126395,
        "cost": 30188.385563798096
    },
    "prediction": {
        "time": 17415.802090541507,
        "risk": 1542.0,
        "cost": 18957.802090541507,
        "speed": 1.0
    },
    "risk_weight": 0.19999999999999848
}