{
    "mode": "balanced",
    "classical": {
        "distance": 10878.278749867179,
        "time": 10878.278749867179,
        "risk": 223.8352936850476,
        "cost": 30754.087550683533
    },
    "optimized": {
        "distance": 1477.7469527675498,
        "time": 1477.7469527675498,
        "risk": 39.439970725228385,
        "cost": 1666.1435481258798
    },
    "prediction": {
        "time": 1477.7469527675498,
        "risk": 114.0,
        "cost": 1591.7469527675498,
        "speed": 1.0
    },
    "risk_weight": 0.2999999999999985
}